,dataset,cluster,set
0,basketballcsv,0,pretrain_paths
1,olympics,0,pretrain_paths
2,nfl-stadiums,0,pretrain_paths
3,ucicars,0,pretrain_paths
4,uciseeds,0,pretrain_paths
5,bournemouth-venues,0,pretrain_paths
6,olympicmedals,0,pretrain_paths
7,nflalltimewins,0,pretrain_paths
8,epl2021-games,0,pretrain_paths
9,oscar-winners-1928-2016,0,pretrain_paths
10,results-pfin-1,0,pretrain_paths
11,boxing-at-the-summer-olympics,0,pretrain_paths
12,fifacsv,0,pretrain_paths
13,formula-1-race-fan-ratings,0,pretrain_paths
14,tennis,0,pretrain_paths
15,crab-dataset,1,pretrain_paths
16,animal-dataset,1,pretrain_paths
17,thoraricsurgery-dataset,1,pretrain_paths
18,star-dataset,1,pretrain_paths
19,kyphosis-dataset,1,pretrain_paths
20,palmer-penguins-datasetalternative-iris-dataset,1,pretrain_paths
21,depression-dataset,1,pretrain_paths
22,vertebrate-data,1,pretrain_paths
23,exoplanets-data,1,pretrain_paths
24,star-type-classification,1,pretrain_paths
25,kmeans-clustering,1,pretrain_paths
26,axial-age-dataset,1,pretrain_paths
27,dataset-for-knn-classification,1,pretrain_paths
28,genshin-impact-dataset,1,pretrain_paths
29,classification-suv-dataset,1,pretrain_paths
30,seaborn-iris-dataset,1,pretrain_paths
31,clustering-kmeans,1,pretrain_paths
32,nilai-index-ndvi,1,pretrain_paths
33,transport-incident,2,pretrain_paths
34,heart-disease-uci,2,pretrain_paths
35,child-marriage,2,pretrain_paths
36,drug-classification,2,pretrain_paths
37,heart-disease-cleveland-uci,2,pretrain_paths
38,anemia-easylevel,2,pretrain_paths
39,music-recomendation,2,pretrain_paths
40,animal-disease-classification,2,pretrain_paths
41,korean-medicine-prescription-samples,2,pretrain_paths
42,berlin-wall-deaths,2,pretrain_paths
43,heart-disease-from-cleveland,2,pretrain_paths
44,russia-investigation,2,pretrain_paths
45,illness-detection,2,pretrain_paths
46,russia-covid-vaccination,2,pretrain_paths
47,cleveland-clinic-foundation-heart-disease,2,pretrain_paths
48,blood-pressure-readings,2,pretrain_paths
49,meniscus-repair-methods,2,pretrain_paths
50,heart-disease-patients,2,pretrain_paths
51,chopin-piano-works,2,pretrain_paths
52,heart12,3,pretrain_paths
53,lab02,3,pretrain_paths
54,heartdisease2,3,pretrain_paths
55,mysurvey2,3,pretrain_paths
56,lecture7risk2,3,pretrain_paths
57,indian-economical-data-science-1990-to-2019,4,pretrain_paths
58,forest-and-nonforest-areas-malaysia-2000-2017,4,pretrain_paths
59,oecd-unemployment-rate-2020,4,pretrain_paths
60,pakistan-crime-data-2012-2017,4,pretrain_paths
61,bangladesh-economic-indicators-1980-2019,4,pretrain_paths
62,khyber-pakhtunkhwa-crime-data-2010-2015,4,pretrain_paths
63,practice-binomial-data,5,pretrain_paths
64,gender-with-fav,5,pretrain_paths
65,unbiased-coin-toss-data,5,pretrain_paths
66,sociological-metrics-of-all-50-states,5,pretrain_paths
67,goog-ticker-stock-data,5,pretrain_paths
68,fortnite-statistics-corresponding-to-mental-state,5,pretrain_paths
69,covid-descriptive-analysis-sumit-grover,5,pretrain_paths
70,historical-us-president-physical-data-more,5,pretrain_paths
71,car-salescsv,6,val_paths
72,munich-meets-african-literature-book-club-list,6,val_paths
73,ikea-indonesia-chair-product,6,val_paths
74,voi-scooters-sales,6,val_paths
75,teslainctsla-historical-prices,6,val_paths
76,forbes-highest-paid-athletes-19902019,6,val_paths
77,usa-cars-dataset,6,val_paths
78,adidas-quarterly-sales,6,val_paths
79,porsche-and-jaguar-prices,6,val_paths
80,supermarket-expenses-western-europe,6,val_paths
81,simple-peugeot207-pricelist,6,val_paths
82,zomato-restaurant-info-bengaluru,7,pretrain_paths
83,bangladesh-online-classes-survey-kuetcse16,7,pretrain_paths
84,education-in-india,7,pretrain_paths
85,covid19-in-bangladesh,7,pretrain_paths
86,telangana-hospitals,7,pretrain_paths
87,infectious-diseases-in-jakarta,7,pretrain_paths
88,covid-19-in-bangladesh-till-april-28,7,pretrain_paths
89,labour-characteristics-in-pakistan,7,pretrain_paths
90,forest-fires-in-india,7,pretrain_paths
91,indore-police-crime-dataset,7,pretrain_paths
92,electrical-faults-analysis-india,7,pretrain_paths
93,covid-in-india,7,pretrain_paths
94,august-bank-statement-sandhaya,7,pretrain_paths
95,mango-production-in-west-java,7,pretrain_paths
96,latest-covid19-cases-maharashtra-india,7,pretrain_paths
97,virat-kohli-odi,7,pretrain_paths
98,bangladesh-food-safety-authority-restaurant-rating,7,pretrain_paths
99,delhi-delights-data,7,pretrain_paths
100,cpi-m5,7,pretrain_paths
101,petrol-price-in-india,7,pretrain_paths
102,delhi-metro-stations-data,7,pretrain_paths
103,hyderabad-weather-with-air-quality-index-and-covid,7,pretrain_paths
104,indian-travel-survey,7,pretrain_paths
105,bangladesh-online-classes-survey-kuetcse18,7,pretrain_paths
106,science-and-technology-in-india,7,pretrain_paths
107,job-survey-india,7,pretrain_paths
108,mumbai-weather-dataset,7,pretrain_paths
109,virat-kohli-odicsv,7,pretrain_paths
110,domesticated-animals-in-mongolia-19702017,7,pretrain_paths
111,bookstore-in-surabaya-indonesia,7,pretrain_paths
112,indore-ayya,7,pretrain_paths
113,covid19-bangladesh,7,pretrain_paths
114,covid19-kerala,7,pretrain_paths
115,fdi-in-india,7,pretrain_paths
116,gpa-and-medical-school-admission,8,pretrain_paths
117,exam-marks-of-two-subjectclassification-passfail,8,pretrain_paths
118,mba-admission,8,pretrain_paths
119,us-graduate-schools-admission-parameters-dataset,8,pretrain_paths
120,entrepreneurial-competency-in-university-students,8,pretrain_paths
121,us-graduate-schools-admission-parameters,8,pretrain_paths
122,clustering-engineering-college-data,8,pretrain_paths
123,information-security-studentsgrades-at-university,8,pretrain_paths
124,indian-student-state-wise-dropout-rate-dor,8,pretrain_paths
125,covid19-and-idh,9,pretrain_paths
126,covid19-egypt-cases,9,pretrain_paths
127,globalcarproduction19502019,9,pretrain_paths
128,hirerecdatasimple,9,pretrain_paths
129,123qweasd,9,pretrain_paths
130,covid19spain,9,pretrain_paths
131,covid19,9,pretrain_paths
132,australiacovid19,9,pretrain_paths
133,top10nationswithhighesttotalsummerolympicmedals,9,pretrain_paths
134,covid19highestcitypopulationdensity,9,pretrain_paths
135,telecomagentcustomerinteractiontext,9,pretrain_paths
136,failure-time-of-pet-film,10,pretrain_paths
137,sleep-pattern,10,pretrain_paths
138,datasets-mechanical-rotation,10,pretrain_paths
139,bond-girls-age-and-film-data,10,pretrain_paths
140,pulse-rates-and-exercise,10,pretrain_paths
141,day14-training-data,10,pretrain_paths
142,weight-loss-data,10,pretrain_paths
143,pedometer-walking-data,10,pretrain_paths
144,pulse-rate-and-exercise,10,pretrain_paths
145,rebound-hammer-schmidt-hammer-calibration-data,10,pretrain_paths
146,sleep-dataset,10,pretrain_paths
147,crab-body-metrics,10,pretrain_paths
148,truck-stopping-time-simulated-data,10,pretrain_paths
149,beaver-body-temperature,10,pretrain_paths
150,brain-weight-in-humans,10,pretrain_paths
151,robot-position-vs-acceleration-tracking,10,pretrain_paths
152,time-sheet-data,10,pretrain_paths
153,pulse-dataset-for-experiments,10,pretrain_paths
154,body-measurements,10,pretrain_paths
155,sleep-in-mammals,10,pretrain_paths
156,memory-test-on-drugged-islanders-data,10,pretrain_paths
157,500-person-gender-height-weight-bodymassindex,10,pretrain_paths
158,gradient-descent,10,pretrain_paths
159,bi-software-recommendation-dataset,11,test_paths
160,new-dataset,11,test_paths
161,tips-dataset,11,test_paths
162,iris-dataset-uci,11,test_paths
163,time-series-starter-dataset,11,test_paths
164,desharnais-dataset,11,test_paths
165,ecoli-uci-dataset,11,test_paths
166,state-data,11,test_paths
167,bags-dataset,11,test_paths
168,helthcare-data,11,test_paths
169,saudi-covid19-time-series-data,11,test_paths
170,cleveland-dataset,11,test_paths
171,marks-dataset,11,test_paths
172,iris-data,11,test_paths
173,dataset,11,test_paths
174,data-1,11,test_paths
175,irish-dataset,11,test_paths
176,bundesliga-dataset,11,test_paths
177,lab-tat-dataset,11,test_paths
178,bmd-data,11,test_paths
179,mcu-complete-dataset,11,test_paths
180,cloud-dataset,11,test_paths
181,european-time-use,11,test_paths
182,haberman-dataset,11,test_paths
183,valheim-food-dataset,11,test_paths
184,us-lockdown-dates-dataset,11,test_paths
185,clash-royale-dataset,11,test_paths
186,crm-data,11,test_paths
187,sample-dataset-for-cleaning,11,test_paths
188,habermans-cancer-data-set,11,test_paths
189,homeless-dataset,11,test_paths
190,3wine-classification-dataset,11,test_paths
191,iris-datasets,11,test_paths
192,ucla-graduate-dataset,11,test_paths
193,sample-data,11,test_paths
194,covid19-dataset,11,test_paths
195,dataset-for-kmeansclustering,11,test_paths
196,auto-data,11,test_paths
197,coffee-and-code-dataset,11,test_paths
198,modified-iris-dataset,11,test_paths
199,iris-dataset,11,test_paths
200,luxurysuv-dataset,11,test_paths
201,linkedin-poll-data,11,test_paths
202,customer-data,11,test_paths
203,data-cleancsv,11,test_paths
204,pre-processing-data,11,test_paths
205,additional-data-wiki-22nov,11,test_paths
206,polymer-dataset,11,test_paths
207,dummy-data,11,test_paths
208,dataset1,11,test_paths
209,sample-of-car-data,11,test_paths
210,dsa-test-dataset,11,test_paths
211,copd-student-dataset,11,test_paths
212,internal-navigation-dataset,11,test_paths
213,seaborn-tips-dataset,11,test_paths
214,hw1-data,11,test_paths
215,valorant-weapon-dataset,11,test_paths
216,marrket-mix-dataset,11,test_paths
217,tft-dataset,11,test_paths
218,nifty50-stocks-dataset,11,test_paths
219,crash-data,11,test_paths
220,wine-dataset-for-clustering,12,pretrain_paths
221,sample1-lab08-naive-bayesian-classifier,12,pretrain_paths
222,classification-decision-tree-classifier,12,pretrain_paths
223,simple-transaction-dataset,12,pretrain_paths
224,ev-battery-level-vs-distance-approximation,12,pretrain_paths
225,selected-data-from-covid-state-policy-database,12,pretrain_paths
226,prediction-of-average-localization-error-in-wsns,12,pretrain_paths
227,decision-tree,12,pretrain_paths
228,linear-regression-eda-python,12,pretrain_paths
229,active-ratio-prediction-of-covid-data,12,pretrain_paths
230,dataset-for-decision-tree-classification,12,pretrain_paths
231,hiring-data-for-linear-reg-multiple-variables,12,pretrain_paths
232,decision-tree-classification,12,pretrain_paths
233,iris-dataset-with-outliers,12,pretrain_paths
234,seed-from-uci,13,pretrain_paths
235,fis-nordic-world-ski-championships,13,pretrain_paths
236,gymnastic-champs-mens-all-round,13,pretrain_paths
237,panamerican-medals,13,pretrain_paths
238,gender-classification,13,pretrain_paths
239,decathlon,13,pretrain_paths
240,swimming-at-the-summer-paralympics,13,pretrain_paths
241,play-tennis,13,pretrain_paths
242,datapengunjungmall,14,pretrain_paths
243,germany-covid19-janseptember,14,pretrain_paths
244,insuficienciacardiaca,14,pretrain_paths
245,fdffa,14,pretrain_paths
246,csvfiles,14,pretrain_paths
247,103-dummiescsv,14,pretrain_paths
248,customersegmentationdataset,14,pretrain_paths
249,northirlandnewcasesadmission,14,pretrain_paths
250,militaryexpenditure19902020,14,pretrain_paths
251,aswin-12,14,pretrain_paths
252,petrolconsumptioncsv,14,pretrain_paths
253,scotlandnewcasesadmission,14,pretrain_paths
254,fdicasestudy,14,pretrain_paths
255,dafsdfa,14,pretrain_paths
256,avgtemppakcities,14,pretrain_paths
257,statefips,14,pretrain_paths
258,uas-statistika,14,pretrain_paths
259,ucl50buildings,14,pretrain_paths
260,iklancsv,14,pretrain_paths
261,campusplacementinternship,14,pretrain_paths
262,yearly-united-states-tornado-data-per-state,15,test_paths
263,motor-vehicle-occupant-death-rate,15,test_paths
264,us-military-deaths-by-cause-19802010,15,test_paths
265,us-monthly-unemployment-rate-1948-present,15,test_paths
266,total-married-families-with-children-under-age-18,15,test_paths
267,crimes-in-usa-from-1960-to-2014,15,test_paths
268,carbon-emissions-and-population-from-1961-to-2015,15,test_paths
269,unemployment-rate-india,15,test_paths
270,violent-crime-rates-by-us-state,15,test_paths
271,philadelphia-crime-rate-data,15,test_paths
272,mall-customer-relation,16,pretrain_paths
273,mall-customerscsv,16,pretrain_paths
274,mall-customers-data,16,pretrain_paths
275,mall-customers-datacsv,16,pretrain_paths
276,mall-customer-segmentation-data,16,pretrain_paths
277,mall-customer-datasets,16,pretrain_paths
278,nyc-east-river-bicycle-crossings,16,pretrain_paths
279,mall-customer-cluster,16,pretrain_paths
280,highway-restaurant-data,16,pretrain_paths
281,mall-customer-data,16,pretrain_paths
282,mall-customers1,16,pretrain_paths
283,rose-species,17,pretrain_paths
284,heartdiseasedata,17,pretrain_paths
285,toothgrowth,17,pretrain_paths
286,fruits,17,pretrain_paths
287,flower,17,pretrain_paths
288,cardekho,18,test_paths
289,conticountry,18,test_paths
290,vinho-teste,18,test_paths
291,westinghouse-factor,18,test_paths
292,defense-of-the-ancients,18,test_paths
293,ujianstatistika,18,test_paths
294,wineuci,18,test_paths
295,married,18,test_paths
296,palmerpenguins,18,test_paths
297,temtem,18,test_paths
298,iklan-sose,18,test_paths
299,maison,18,test_paths
300,notas-alunos,18,test_paths
301,ballon-dor,18,test_paths
302,data-anscombes-quartet,18,test_paths
303,harga-rumah,18,test_paths
304,forexevents,18,test_paths
305,dhyani,18,test_paths
306,university,18,test_paths
307,millercharles,18,test_paths
308,donner-party,18,test_paths
309,cupapimunyenyo,18,test_paths
310,naive-bayes,18,test_paths
311,ubereat,18,test_paths
312,kerela-flood,18,test_paths
313,winter,18,test_paths
314,hargaestate,18,test_paths
315,snstips,18,test_paths
316,deepoceanstsunami,18,test_paths
317,germany--u,18,test_paths
318,mallldata,18,test_paths
319,hotel-ratechankennyv3,18,test_paths
320,pgatoursplayersbytotalwins,19,pretrain_paths
321,lastdata,19,pretrain_paths
322,openintro-possum,19,pretrain_paths
323,covidalabama,19,pretrain_paths
324,glassdata,19,pretrain_paths
325,2020nfldata,19,pretrain_paths
326,foodhabbits,19,pretrain_paths
327,heartdata,19,pretrain_paths
328,tictactoe,19,pretrain_paths
329,iris-classification,19,pretrain_paths
330,clusteringdata,19,pretrain_paths
331,egyptianpyramids,19,pretrain_paths
332,psduse,19,pretrain_paths
333,6-3-extracted,19,pretrain_paths
334,syntheticdata,19,pretrain_paths
335,bankaccounttransactiondata,19,pretrain_paths
336,hargapanganindonesia,19,pretrain_paths
337,malldata,19,pretrain_paths
338,seedsdata,19,pretrain_paths
339,weathernominal,19,pretrain_paths
340,vertebrate,19,pretrain_paths
341,nzdata,19,pretrain_paths
342,heightdata,19,pretrain_paths
343,cascadevolcanoes,19,pretrain_paths
344,habercancer,19,pretrain_paths
345,gmedata,19,pretrain_paths
346,classictenis,19,pretrain_paths
347,w3dirtydata,19,pretrain_paths
348,dietdatar,19,pretrain_paths
349,mydata,19,pretrain_paths
350,linearregressiondata,19,pretrain_paths
351,wheat-seedsuci,19,pretrain_paths
352,theophylline,19,pretrain_paths
353,irisdata,19,pretrain_paths
354,adsense,19,pretrain_paths
355,karnatkaagriculturedata,19,pretrain_paths
356,who-obesity-by-country-2016,20,test_paths
357,hair-customer-survey-data-for-100-customers,20,test_paths
358,data-on-depression,20,test_paths
359,breast-cancer-in-us,20,test_paths
360,a-survey-on-obesity,20,test_paths
361,drug-use-by-age,20,test_paths
362,weight-vs-age-of-chicks-on-different-diets,20,test_paths
363,salaries-in-ai-survey,20,test_paths
364,diet-of-elderly-people,20,test_paths
365,chopsticks-1992,21,pretrain_paths
366,zoo-animals,21,pretrain_paths
367,marble-racing,21,pretrain_paths
368,cat-vs-dog-popularity-in-us,21,pretrain_paths
369,korea-corona,21,pretrain_paths
370,roller-coaster-data,21,pretrain_paths
371,new-york-sample,21,pretrain_paths
372,nic-cage-movies,21,pretrain_paths
373,cars-jang,21,pretrain_paths
374,final-space-ratings-and-viewership-3-seasons,21,pretrain_paths
375,can-humans-really-be-random,21,pretrain_paths
376,box-office-mojo,21,pretrain_paths
377,hollywood-most-profitable-stories,21,pretrain_paths
378,bad-drivers,21,pretrain_paths
379,pixar-movie-reviews,21,pretrain_paths
380,john-wicks-confirmed-onscreen-kills,21,pretrain_paths
381,zoo-new,21,pretrain_paths
382,my-animal-crossing-umbrellas,21,pretrain_paths
383,swiggy-ratings,21,pretrain_paths
384,money-heist-series,21,pretrain_paths
385,dwdm-week-3,21,pretrain_paths
386,comedy-shows,21,pretrain_paths
387,favorite-colors,21,pretrain_paths
388,magazine-covers,21,pretrain_paths
389,football-teams-rankings-stats,22,test_paths
390,balance-datasets,23,val_paths
391,econometrics,23,val_paths
392,exercise-datasets,23,val_paths
393,carbon-segment-values,23,val_paths
394,balance-scale,23,val_paths
395,antarctic-ozone-hole-area,24,val_paths
396,sea-level,24,val_paths
397,average-rainfall-and-temperature-in-uk20102019,24,val_paths
398,the-125-most-topographically-prominent-summits,24,val_paths
399,svalbard-climate-19102017,24,val_paths
400,water-level,24,val_paths
401,cholesterol,25,test_paths
402,heart-desease-data,26,val_paths
403,blood-transfusion-dataset,26,val_paths
404,diabetes-uci-dataset,26,val_paths
405,heart-stroke-prediction,26,val_paths
406,heart-disease-prediction-uci,26,val_paths
407,lung-cancer-dataset-by-staceyinrobert,26,val_paths
408,thoraic-surgery-dataset,26,val_paths
409,heart-disease-classification-dataset,26,val_paths
410,basal-metabolic-rate,26,val_paths
411,heart-disease-prediction,26,val_paths
412,ph-recognition,26,val_paths
413,cancer-drug-data,26,val_paths
414,depression-analysis-ml,26,val_paths
415,heart-failure-clinical-data,26,val_paths
416,lung-cancer-dataset,26,val_paths
417,patient-satisfaction-dataset,26,val_paths
418,epilepsy-data,26,val_paths
419,kyphosis-prediction-medical-condition,26,val_paths
420,heart-diseases-prediction-classification,26,val_paths
421,cancer-survival,26,val_paths
422,heart-attack-dataset,26,val_paths
423,anorexia-data-on-weight-change,26,val_paths
424,heart-disease-uci-dataset,26,val_paths
425,heart-data,26,val_paths
426,heart-disease-dataset-from-uci,26,val_paths
427,drug-detail-dataset,26,val_paths
428,cleveland-clinic-heart-disease-dataset,26,val_paths
429,schizophrenia-data,26,val_paths
430,cancer-data,26,val_paths
431,tumor-mamogram-data,26,val_paths
432,drug-data,26,val_paths
433,heart-failure-prediction,26,val_paths
434,heart-attack-prediction,26,val_paths
435,diabetes-readmissions-column-annotation,26,val_paths
436,heart-dataset,26,val_paths
437,ovary-cancer-data,26,val_paths
438,post-operative-patient-data,26,val_paths
439,heart-attack-analysis-data,26,val_paths
440,heart-disease-dataset,26,val_paths
441,habermans-cancer-survival-dataset,26,val_paths
442,heart-failure-dataset,26,val_paths
443,heart-failure-clinical-records-dataset,26,val_paths
444,govt-of-india-literacy-rate,27,test_paths
445,nepal-literacy-rate,27,test_paths
446,india-statewise-literacy-rate-19512011,27,test_paths
447,50-startups,28,test_paths
448,data-for-50-startups-to-predict-profit,28,test_paths
449,m-50-startups,28,test_paths
450,50-startups-data,28,test_paths
451,50-startupcsv,28,test_paths
452,50-startupscsv,28,test_paths
453,world-billionaires,28,test_paths
454,various-expenses-and-the-profits-of-50-startups,28,test_paths
455,startups,28,test_paths
456,profit-in-startup-of-a-company,28,test_paths
457,investment-growth-forcast,28,test_paths
458,startup-investment,28,test_paths
459,2020-us-presidential-election-results-by-state,29,val_paths
460,congressional-voting-records,29,val_paths
461,confirmation-votes,29,val_paths
462,2020-us-general-election-turnout-rates,29,val_paths
463,2016-american-election-dataset,29,val_paths
464,ncctg-lung-cancer-data,30,pretrain_paths
465,early-stage-diabetes-risk-prediction-datasets,30,pretrain_paths
466,cervical-cancer-behavior-risk-dataset,30,pretrain_paths
467,early-stage-diabetes-2020,30,pretrain_paths
468,covid19-complete-blood-count-clinical-database,30,pretrain_paths
469,early-stage-diabetes-risk-prediction-dataset,30,pretrain_paths
470,breast-cancer-dataset,30,pretrain_paths
471,predict-systolic-and-diastolic-ratemedical-data,30,pretrain_paths
472,risk-factors-cervical-cancer,30,pretrain_paths
473,covid19-confirmed-cases-by-country-and-age,30,pretrain_paths
474,breast-cancer-coimbra-data-set,30,pretrain_paths
475,dataset-related-to-elderly-kidney-patients,30,pretrain_paths
476,prostate-cancer-survival-data,30,pretrain_paths
477,sobar-cervical-cancer-behavior-risk-data-set,30,pretrain_paths
478,acute-inflammations-data-set,30,pretrain_paths
479,who-2016-cns-tumor-classifications,30,pretrain_paths
480,health-care-data-set-on-heart-attack-possibility,30,pretrain_paths
481,data-analytics-to-study-music-streaming-patterns,31,val_paths
482,species-segmentation-using-iris-dataset,31,val_paths
483,heart-disease-prediction-using-differenttechniques,31,val_paths
484,dht11-temperature-and-humidity-sensor-1-day,31,val_paths
485,worldbankfactorsagri-freshwater-fertility,31,val_paths
486,dados-workshop-data-science-ucs-rodrigo-riboldi,31,val_paths
487,health-data-for-predictionns,31,val_paths
488,covid19-air-pollution-data,31,val_paths
489,covid-study-impact-data,31,val_paths
490,covid19-survival-dataset,31,val_paths
491,nutrient-deficient-leaves-dataset,31,val_paths
492,pfizer-covid19-vaccine-distribution-allocations,31,val_paths
493,heart-disease-dataset-by-openml,31,val_paths
494,fishes-and-their-feeding-dataset,31,val_paths
495,train-data-for-covid19-local-usca-forecasting,31,val_paths
496,world-covid-vaccination-progress,31,val_paths
497,people-hospitalized-by-day-covid19-cdmx,31,val_paths
498,dataset-iris-i-used-for-my-studies,31,val_paths
499,who-road-safety-data,31,val_paths
500,poverty-rate-of-western-java-for-science-data,31,val_paths
501,admission-prediction,32,test_paths
502,fertilizer-prediction,32,test_paths
503,personality-study,32,test_paths
504,college-admission-prediction,32,test_paths
505,customer-behaviour,32,test_paths
506,soil-nutrient-prediction,32,test_paths
507,flow-of-financial-resources,32,test_paths
508,predicting-parole-violators,32,test_paths
509,cardekhocar-price-prediction,32,test_paths
510,car-price-prediction,32,test_paths
511,common-assessment,32,test_paths
512,admission-chance-prediction,32,test_paths
513,predicting-the-market-value-of-soccer-players,32,test_paths
514,autos-predictions,32,test_paths
515,admission-predict,32,test_paths
516,3-diet-comparison,32,test_paths
517,online-class-prediction,32,test_paths
518,user-knowledge,32,test_paths
519,customer-cluster,32,test_paths
520,insurance-prediction,32,test_paths
521,admission-prediction-data,32,test_paths
522,practice-clustering,32,test_paths
523,forest-fire-prediction,32,test_paths
524,irisdataset,33,pretrain_paths
525,covid19-symptoms,33,pretrain_paths
526,capstone-casestudy1,33,pretrain_paths
527,winedataset,33,pretrain_paths
528,heartdataset,33,pretrain_paths
529,winedata1,33,pretrain_paths
530,covid19zacumulativetotals,33,pretrain_paths
531,crudeoildataset,33,pretrain_paths
532,heart-dissease,33,pretrain_paths
533,pharmacokinetics-of-theophylline,33,pretrain_paths
534,tulipdataset,33,pretrain_paths
535,tipsdataset,33,pretrain_paths
536,covid19turkeydailydetailsdataset,33,pretrain_paths
537,mallcustomersdataset,33,pretrain_paths
538,product-sortingdataset,33,pretrain_paths
539,mydataset,33,pretrain_paths
540,asdchildrenbloodgeneexpressiondata,33,pretrain_paths
541,chickfila-nutrition-fact-anly501,33,pretrain_paths
542,lab4datasetcars2,33,pretrain_paths
543,argentina-provincial-data,34,pretrain_paths
544,countries-area-2013,34,pretrain_paths
545,list-of-indian-festivals-for-2022,34,pretrain_paths
546,us-holiday-dates-2004-2021,34,pretrain_paths
547,country-data,34,pretrain_paths
548,fifa-countries,34,pretrain_paths
549,mn-weather-for-2015-traffic,34,pretrain_paths
550,ireland-rugby-match-data-internationals,34,pretrain_paths
551,weather-dataset-2009-2018,34,pretrain_paths
552,weather-data-in-india-from-1901-to-2017,34,pretrain_paths
553,iot-sensorscsv,35,pretrain_paths
554,car-evaluationcsv,35,pretrain_paths
555,space-x-launches-falcon9-and-falcon-heavy,35,pretrain_paths
556,cvdcvd-vd,35,pretrain_paths
557,rainpune65-20,35,pretrain_paths
558,intel-cpus,35,pretrain_paths
559,data-tugas-ml1,35,pretrain_paths
560,irirs-1,35,pretrain_paths
561,amd-vs-intel,35,pretrain_paths
562,kotchandpurs-covid19-data-analysis,35,pretrain_paths
563,indiahorticultureexport20072014-csv,35,pretrain_paths
564,ml-multiple-regresion-cars-co2,35,pretrain_paths
565,covid19-first-test-results-chloroquine-france,35,pretrain_paths
566,covid-19-data,35,pretrain_paths
567,vehcile-mpg,35,pretrain_paths
568,mpi-nationalcsv,35,pretrain_paths
569,euro-2020-top-players,36,pretrain_paths
570,fifa-21-age-overall-and-value-of-200-players,36,pretrain_paths
571,nfl-regular-season-standings-20182020,36,pretrain_paths
572,2020-nfl-data,36,pretrain_paths
573,fifa-worldcup-2018-matches,36,pretrain_paths
574,fifa-worldcup-2018,36,pretrain_paths
575,world-cup-2018,36,pretrain_paths
576,premier-league-202122-fixtures,36,pretrain_paths
577,fifa-worldcup-2018-dataset,36,pretrain_paths
578,premier-league-standings-202122-oct-13-2021,36,pretrain_paths
579,fifa-2018-dataset,36,pretrain_paths
580,best-volleyball-players-2019,36,pretrain_paths
581,fifa-world-cup-2018-goals,36,pretrain_paths
582,sf-beaches-water,37,pretrain_paths
583,soil-compositions,37,pretrain_paths
584,copper-wire-production-line-dataset,37,pretrain_paths
585,yacht-hydrodynamics-data-set,37,pretrain_paths
586,air-quality,37,pretrain_paths
587,automobile-data,37,pretrain_paths
588,ozone-data,37,pretrain_paths
589,weather-stations-locations,37,pretrain_paths
590,newyork-air-quality,37,pretrain_paths
591,car-evaluation,37,pretrain_paths
592,co2-emission-continents,37,pretrain_paths
593,ship-speed-fuel,37,pretrain_paths
594,soil-compositions-characteristics,37,pretrain_paths
595,aviation-safety,37,pretrain_paths
596,water-treatment,37,pretrain_paths
597,glass-multiclass,37,pretrain_paths
598,compositions-of-glass,37,pretrain_paths
599,sample-stock-test,37,pretrain_paths
600,car-evaluation-data-set,37,pretrain_paths
601,chemical-composition-of-pottery,37,pretrain_paths
602,stationery-wholesale-csv,37,pretrain_paths
603,brewing-process-data,37,pretrain_paths
604,titanium-machining,37,pretrain_paths
605,practice-data-set-for-air-quality,37,pretrain_paths
606,glass-identification-database,37,pretrain_paths
607,airline-safety,37,pretrain_paths
608,2021-olympics-medals-in-tokyo,38,val_paths
609,personal-distance-in-42-countries,38,val_paths
610,tokyo-2021-medal-table,38,val_paths
611,olympic-games-medal-datasetfrom-1896-to-2018,38,val_paths
612,winter-olympic-medals-1924-2018,38,val_paths
613,olympic-host-cities,38,val_paths
614,tokyo-2021-olympic-games-medal-dataset,38,val_paths
615,olympic-contingent-and-medals,38,val_paths
616,australian-athletes-data-set,38,val_paths
617,who-overweight-by-country-2016,38,val_paths
618,olympic-hosts,38,val_paths
619,olympic-games-tokyo-2020-medals-per-country,38,val_paths
620,student-hiring,39,pretrain_paths
621,detailed-analysis-on-campus-recruitment,39,pretrain_paths
622,mental-health-at-western-university,39,pretrain_paths
623,days-not-spent-at-school,39,pretrain_paths
624,campus-placement-data,39,pretrain_paths
625,student-career-information,39,pretrain_paths
626,student-course-recommendation-system,39,pretrain_paths
627,kmeans-tutorial,39,pretrain_paths
628,college-placement-data-set,39,pretrain_paths
629,duration-school-closure-edited,39,pretrain_paths
630,school-exam,39,pretrain_paths
631,students-marks-data,39,pretrain_paths
632,synthetic-school-enrollment-data,39,pretrain_paths
633,class-grades,39,pretrain_paths
634,student-data,39,pretrain_paths
635,california-study,39,pretrain_paths
636,duration-school-closure,39,pretrain_paths
637,graduation,39,pretrain_paths
638,graduate-school-admission-data,39,pretrain_paths
639,first-year-gpa-for-college-students,39,pretrain_paths
640,graduate-admission-data,39,pretrain_paths
641,college-admission-data-set,39,pretrain_paths
642,placement-data-full-class,39,pretrain_paths
643,students-sleep-data,39,pretrain_paths
644,health-habits-of-students,39,pretrain_paths
645,ml-courses,39,pretrain_paths
646,student-food-survey,39,pretrain_paths
647,students-dataset1,39,pretrain_paths
648,university-social-anxiety-survey,39,pretrain_paths
649,student-semester-result,39,pretrain_paths
650,stackoverflow2016,40,val_paths
651,text3adverse,40,val_paths
652,datanew,40,val_paths
653,datasurveimedsos,40,val_paths
654,onlinecsv,40,val_paths
655,admittest,40,val_paths
656,admissionpredictioncsv,40,val_paths
657,dataset1csv,40,val_paths
658,autocsv,40,val_paths
659,editpam50,40,val_paths
660,testcsv,40,val_paths
661,shopping-datacsv,40,val_paths
662,advertisingcsv,40,val_paths
663,treadmil-users,40,val_paths
664,computerbuysjkv,40,val_paths
665,music2csv,40,val_paths
666,datasetfifa,40,val_paths
667,id3csv,40,val_paths
668,environmentlike,40,val_paths
669,autoprice,40,val_paths
670,userdata,40,val_paths
671,input2,40,val_paths
672,dataproject2,40,val_paths
673,sdfsdfsfs,40,val_paths
674,storescsv,40,val_paths
675,dataclcsv,40,val_paths
676,wine12,41,pretrain_paths
677,wines1,41,pretrain_paths
678,cars93,41,pretrain_paths
679,lecture06risk,41,pretrain_paths
680,continents2,41,pretrain_paths
681,79extension,41,pretrain_paths
682,oneway1,41,pretrain_paths
683,stat1015,41,pretrain_paths
684,elephantsmf,41,pretrain_paths
685,tyre-data1,41,pretrain_paths
686,xigua30,41,pretrain_paths
687,mtcars,41,pretrain_paths
688,carsco2,41,pretrain_paths
689,continent2,41,pretrain_paths
690,startup50,41,pretrain_paths
691,regression2020,41,pretrain_paths
692,sample1,41,pretrain_paths
693,drug200,41,pretrain_paths
694,ghana-covid19-dataset,42,val_paths
695,201907202007samsungelectronicsstock-data,42,val_paths
696,dataset-covid19-in-egypt,42,val_paths
697,covid-in-african-countries-latest-data,42,val_paths
698,covid-in-north-america-latest-data,42,val_paths
699,covid19-bangladesh-dataset,42,val_paths
700,asia-covid-19-cases-updated-10-oct-21,42,val_paths
701,indian-statewise-data-from-rbi,42,val_paths
702,morocco-covid-19-evolution-dataset,42,val_paths
703,covid19-india-coordinates,42,val_paths
704,dogecoin-dataset-jan2020-to-jan2021,42,val_paths
705,india-covid19-datajanuary-to-september,42,val_paths
706,upi-usage-statistics-aug16-to-feb20,42,val_paths
707,corona-bangladesh-database-wide,42,val_paths
708,latest-covid19-india-statewise-data,42,val_paths
709,covid19-india-hospital-data,42,val_paths
710,latest-covid19-global-countrywise-data,42,val_paths
711,covid19-weekly-trends-in-europe,42,val_paths
712,turkey-covid-19-dataset,42,val_paths
713,2019-world-happiness-report-csv-file,43,test_paths
714,world-happiness-report-data-2018,43,test_paths
715,world-happiness-report-2019,43,test_paths
716,world-happiness-2020-and-2021,43,test_paths
717,2018-quarterly-us-weather-data-by-state,43,test_paths
718,world-press-index-20192021,43,test_paths
719,msft-data-from-1106-until-0207,44,test_paths
720,support-vector-machine-svm,44,test_paths
721,exasens-data-set,44,test_paths
722,customer-segmentation-tutorial-in-python,44,test_paths
723,cvds-preprocessed,44,test_paths
724,data-set-new,44,test_paths
725,disabled-community-dataset,44,test_paths
726,ndc-code-lookup,44,test_paths
727,statlog-heart-data-set,44,test_paths
728,covid-aggregated-data,44,test_paths
729,dataset-bank-account-statement-for-ai-chatbot,44,test_paths
730,iris-classifier-with-knn,44,test_paths
731,ns201-sp-assignment-data,44,test_paths
732,data-set-csv,44,test_paths
733,candlestick-python-datacsv,44,test_paths
734,user-data-2,44,test_paths
735,test-file,44,test_paths
736,tictactoe-endgame-dataset-uci,44,test_paths
737,state-data1,44,test_paths
738,eda-session-dataset-1,44,test_paths
739,iris-dataset-without-first-line,44,test_paths
740,covid19-state-data,44,test_paths
741,store24-dataset,44,test_paths
742,priority-queue-wait-time,44,test_paths
743,kmeans-clustering-with-python,44,test_paths
744,ml-for-iris,45,pretrain_paths
745,winecsv,45,pretrain_paths
746,heart-csv,45,pretrain_paths
747,advtlr,45,pretrain_paths
748,medicaldevicecompanies,45,pretrain_paths
749,irisgfg,45,pretrain_paths
750,heart-dieases-uci,45,pretrain_paths
751,thyroidcsv,45,pretrain_paths
752,cardatacsv,45,pretrain_paths
753,prostatecsv,45,pretrain_paths
754,heart-diseaseuci,45,pretrain_paths
755,habermancsv,45,pretrain_paths
756,carscsv,45,pretrain_paths
757,apndcts,45,pretrain_paths
758,hospitalbedloc,45,pretrain_paths
759,diet-anova,45,pretrain_paths
760,hospitalcosts,45,pretrain_paths
761,heartcsv,45,pretrain_paths
762,carcsv,45,pretrain_paths
763,millcsv,45,pretrain_paths
764,dscsv,45,pretrain_paths
765,cardiogoodfitness,45,pretrain_paths
766,postoperative,45,pretrain_paths
767,iriscsv,45,pretrain_paths
768,alzheimer-features,45,pretrain_paths
769,headbraincsv,45,pretrain_paths
770,aaplcsv,45,pretrain_paths
771,diabetes,45,pretrain_paths
772,heartdiseasecsv,45,pretrain_paths
773,drug200csv,45,pretrain_paths
774,top-100-most-streamed-songs-on-spotify,46,pretrain_paths
775,spotify-top-50-most-streamed-songs,46,pretrain_paths
776,top-spotify-tracks-of-2019,46,pretrain_paths
777,top-50-spotify-tracks-2020,46,pretrain_paths
778,top-50-turkish-songs-on-spotify-2020,46,pretrain_paths
779,top-100-spotify-songs-2019,46,pretrain_paths
780,financial-data-stock-price,47,test_paths
781,50-startsup-profits,47,test_paths
782,commercial-credit-exposure-by-counterparty-rating,47,test_paths
783,car-sales-regression,47,test_paths
784,predict-pizza-price,47,test_paths
785,tinder-millennial-match-rate,47,test_paths
786,website-bounce-rates,47,test_paths
787,survey-students-wage-expectation,47,test_paths
788,predict-future-sales,47,test_paths
789,car-mileage-prediction,47,test_paths
790,how-much-would-a-car-cost-for-ml,47,test_paths
791,prediction-of-purchased-car,47,test_paths
792,google-stock-price-test,47,test_paths
793,selected-food-prices-watch,47,test_paths
794,google-stock-price,47,test_paths
795,camera-price-compared-dxomark-score,47,test_paths
796,30-year-conventional-mortgage-rate,47,test_paths
797,car-data-set-for-used-car-price-calculation,47,test_paths
798,employee-totalhours-timeseries-prediction,47,test_paths
799,discount-rate-changes-historical-dates,47,test_paths
800,spx-monthly-returns,47,test_paths
801,farmers-suicide,48,pretrain_paths
802,french-monopoly,48,pretrain_paths
803,milk-grading,48,pretrain_paths
804,vegetable-oil-monthly-price,48,pretrain_paths
805,indian-tourism,48,pretrain_paths
806,stimulated-agriculture-us,48,pretrain_paths
807,lisbon-house-prices,48,pretrain_paths
808,petrol-prices,48,pretrain_paths
809,hourly-wages,48,pretrain_paths
810,gas-prices,48,pretrain_paths
811,gold-silver-prices-1791-2020,48,pretrain_paths
812,indian-refinery,48,pretrain_paths
813,illegal-immigrants,48,pretrain_paths
814,harga-real-estate,48,pretrain_paths
815,oil-prices-v2,48,pretrain_paths
816,prestige-of-canadian-occupations,48,pretrain_paths
817,fish-market,48,pretrain_paths
818,automobiles,48,pretrain_paths
819,swiss-banknote-conterfeit-detection,48,pretrain_paths
820,usdtry-conversion-and-interest-rates-20102021,49,val_paths
821,euro-debt-crisis,49,val_paths
822,brazilian-energy-price-ranking,49,val_paths
823,us-regional-macroeconomic-data,49,val_paths
824,consumer-price-index-cpi-of-singapore,49,val_paths
825,gdpr-fines-in-eu-20182019-120-rows-8-columns,49,val_paths
826,india-consumption-data-by-state-201112,49,val_paths
827,rwanda-financial-exclusion-data,49,val_paths
828,economic-data-for-top-50-world-economies-by-gdp,49,val_paths
829,world-bank-country-and-lending-groups,49,val_paths
830,list-of-countries-by-household-debt,49,val_paths
831,canada-immigration-dataset,49,val_paths
832,european-agriculture-indicatorseurostat-2016,49,val_paths
833,oecd-better-life-index,49,val_paths
834,time-usage-in-oecd-countries,49,val_paths
835,oecd-unemployment,49,val_paths
836,gdp-per-capital-weights,49,val_paths
837,llista-de-municpios-de-fronteira-do-brasil,50,val_paths
838,los-100-clubes-de-futbol-mejor-valuados-del-mundo,50,val_paths
839,2010-santabarbara-california-tempreture,50,val_paths
840,covid19-sao-paulo-state,50,val_paths
841,campees-do-campeonato-brasileiro-de-futebol,50,val_paths
842,valorant-weapon-stats,51,pretrain_paths
843,gen-1-pokemon,51,pretrain_paths
844,game-of-thrones-character-basics,51,pretrain_paths
845,the-ultimate-halloween-candy-power-ranking,51,pretrain_paths
846,heroes-of-might-and-magic-3-units,51,pretrain_paths
847,data-science-jobs-salaries,52,pretrain_paths
848,bank-marketing-data,52,pretrain_paths
849,sales-advertisment,52,pretrain_paths
850,real-estate-price,52,pretrain_paths
851,office-supplies-data,52,pretrain_paths
852,company-profit-and-expenditures,52,pretrain_paths
853,employment-type,52,pretrain_paths
854,judicial-expenditures-across-all-50-states,52,pretrain_paths
855,advertising-and-predict-sales,52,pretrain_paths
856,insurance-on-customer-lifestyle,52,pretrain_paths
857,advertising-data,52,pretrain_paths
858,age-versus-salary,52,pretrain_paths
859,office-supply-sales,52,pretrain_paths
860,executive-orders,52,pretrain_paths
861,shopping-annual-income,52,pretrain_paths
862,banking-data,52,pretrain_paths
863,advertising-sales,52,pretrain_paths
864,retail-sales-data,52,pretrain_paths
865,superstores-profit,52,pretrain_paths
866,healthcare-cost,52,pretrain_paths
867,advertising-budget-and-sales,52,pretrain_paths
868,advertisement-marketing,52,pretrain_paths
869,worktime-allowance,52,pretrain_paths
870,amazon-cloud-locations,53,pretrain_paths
871,samsung-mobile-price,53,pretrain_paths
872,iphone-purchase-records,53,pretrain_paths
873,google-mobility,53,pretrain_paths
874,apple-iphone-data,53,pretrain_paths
875,iphone-or-android,53,pretrain_paths
876,used-iphone-11-prices-in-us,53,pretrain_paths
877,sat-score-data-by-state,54,pretrain_paths
878,sat-scores-and-gpa,54,pretrain_paths
879,water-quality-dataset,55,pretrain_paths
880,crime-dataset,55,pretrain_paths
881,agriculture-data,55,pretrain_paths
882,health-quality-dataset,55,pretrain_paths
883,standard-metropolitan-areas-dataset,55,pretrain_paths
884,fairs-affairs-dataset,55,pretrain_paths
885,crime-economic-factors-datasets,55,pretrain_paths
886,crime-propensity-prisoner-dataset,55,pretrain_paths
887,city-development-index-cdi-and-components,55,pretrain_paths
888,employees-department-dataset,55,pretrain_paths
889,total-density-per-million-population,55,pretrain_paths
890,automobile-dataset,55,pretrain_paths
891,crime-data,55,pretrain_paths
892,kpr-house-purchase-dataset,55,pretrain_paths
893,affairs-dataset,55,pretrain_paths
894,incomeexpenditure-dataset,55,pretrain_paths
895,survey-totals-merged-data,55,pretrain_paths
896,renewable-energy-statistics,55,pretrain_paths
897,cereals-dataset,55,pretrain_paths
898,loan-dataset,55,pretrain_paths
899,housing-dataset,55,pretrain_paths
900,placement-dataset,55,pretrain_paths
901,shopping-dataset,55,pretrain_paths
902,salary-predict-dataset,55,pretrain_paths
903,job-classification-dataset,55,pretrain_paths
904,advertising-dataset,55,pretrain_paths
905,uefa-champion-league-final-all-season-19552019,56,pretrain_paths
906,uefa-champions-league-quarter-finals-since-1980,56,pretrain_paths
907,carsdata,57,pretrain_paths
908,happinessvmoney,57,pretrain_paths
909,shoppingdata,57,pretrain_paths
910,headbrainfile,57,pretrain_paths
911,asiangamestop10,57,pretrain_paths
912,studentdata,57,pretrain_paths
913,50startup,57,pretrain_paths
914,bikedata,57,pretrain_paths
915,miniwiki,57,pretrain_paths
916,tatatest,57,pretrain_paths
917,swisswatchbrands,57,pretrain_paths
918,coursesdata,57,pretrain_paths
919,musicmosh,57,pretrain_paths
920,mpgdata,57,pretrain_paths
921,whoscoredcom,57,pretrain_paths
922,weatherdatam,57,pretrain_paths
923,indiareligion,57,pretrain_paths
924,simplefoam,57,pretrain_paths
925,creditcardusage,57,pretrain_paths
926,usarrests,57,pretrain_paths
927,moviedialcorpus,57,pretrain_paths
928,xboxdata,57,pretrain_paths
929,trainplaytennis,57,pretrain_paths
930,citiesbytourist,57,pretrain_paths
931,airtrafficcoordinatesindia,57,pretrain_paths
932,dengue,57,pretrain_paths
933,my-survey,57,pretrain_paths
934,datasaya,57,pretrain_paths
935,dailystate,57,pretrain_paths
936,datasheet,57,pretrain_paths
937,covid-usa,57,pretrain_paths
938,vehicleprice,57,pretrain_paths
939,50startups,57,pretrain_paths
940,bankwages,57,pretrain_paths
941,messi-vs-ronaldo-vs-neymar,58,pretrain_paths
942,messi-vs-ronaldo-stats,58,pretrain_paths
943,cristiano-ronaldos-penalties,58,pretrain_paths
944,cardio-good-fitness,59,pretrain_paths
945,origins-cosmetics-products,59,pretrain_paths
946,food-allergens-and-allergies,59,pretrain_paths
947,fast-food-marketing-campaign-ab-test,59,pretrain_paths
948,happiness-and-alcohol-consumption,59,pretrain_paths
949,calories-burned-during-exercise-and-activities,59,pretrain_paths
950,nyc-health-and-hospitals-corp-patient-satisfaction,59,pretrain_paths
951,stress-in-everyday-life-and-importance-of-yoga,59,pretrain_paths
952,saudi-arabia-car-prices-machine-learning,59,pretrain_paths
953,nutritional-content-of-cereals,59,pretrain_paths
954,prediksi-kemenangan-sepakbola,60,pretrain_paths
955,tugas-pertemuan-9,60,pretrain_paths
956,proyeksi-jumlah-penduduk-indonesia-jenis-kelamin,60,pretrain_paths
957,daftar-harga-pangan-daerah-istimewa-yogyakarta,60,pretrain_paths
958,most-played-video-games-top-100,61,pretrain_paths
959,most-valuable-football-teams-in-the-world,61,pretrain_paths
960,mvps-of-the-superbowl-19672020,61,pretrain_paths
961,top-100-greatest-hollywood-actors-of-all-time,61,pretrain_paths
962,survival-from-malignant-melanoma,62,pretrain_paths
963,smoking-alcohol-and-oesophageal-cancer,62,pretrain_paths
964,educational-stress-due-to-the-coronavirus-pandemic,62,pretrain_paths
965,stress-due-to-the-coronaviruspandemic,62,pretrain_paths
966,acute-nephritis,62,pretrain_paths
967,world-population,63,pretrain_paths
968,jewish-population-by-country,63,pretrain_paths
969,world-population-by-year,63,pretrain_paths
970,countries-by-population-happiness-index-religion,63,pretrain_paths
971,country-mapping-iso-continent-region,63,pretrain_paths
972,asian-countries-by-population,63,pretrain_paths
973,world-heritage-sites-by-country,63,pretrain_paths
974,international-rankings-of-uruguay,63,pretrain_paths
975,list-of-countries-by-net-oil-exports,63,pretrain_paths
976,list-of-countries-by-wealth-equality,63,pretrain_paths
977,heart-attack,64,test_paths
978,lung-cancer,64,test_paths
979,blood-transfusion,64,test_paths
980,heart-disease,64,test_paths
981,kyphosis,64,test_paths
982,heart-failure,64,test_paths
983,breast-cancer,64,test_paths
984,prostate-cancer,64,test_paths
985,breast-cancer-diagnostic,64,test_paths
986,spanish-football-la-liga-champions,65,pretrain_paths
987,uefachampionshipleague,65,pretrain_paths
988,fifa-world-cup-winners,65,pretrain_paths
989,copa-america-matches-since-2001,65,pretrain_paths
990,list-of-copa-libertadores-finals,65,pretrain_paths
991,cook-partisan-voter-index-pvi-for-states-2021,66,pretrain_paths
992,iris-flower-dataset,67,pretrain_paths
993,fruit-consumer-survey,67,pretrain_paths
994,plant-diary-new,67,pretrain_paths
995,iris-decision-tree,67,pretrain_paths
996,seed-data,67,pretrain_paths
997,flower-shop-dataset,67,pretrain_paths
998,classification-data-apples-oranges,67,pretrain_paths
999,iris-flower-data-set-cleaned,67,pretrain_paths
1000,forest-cover-data,67,pretrain_paths
1001,fruit-data-with-colours,67,pretrain_paths
1002,sugarcane-disease-data,67,pretrain_paths
1003,ipl-points-table-from-2008-to-2021-top-4,68,pretrain_paths
1004,cricket-team-records-2021,68,pretrain_paths
1005,statistics-about-tunis,69,pretrain_paths
1006,uci-wine-dataset-edit,69,pretrain_paths
1007,wine-data,69,pretrain_paths
1008,uci-wine-data,69,pretrain_paths
1009,wine-quality-public,69,pretrain_paths
1010,wine-pca,69,pretrain_paths
1011,wine-customer-segmentation,69,pretrain_paths
1012,scotch-whisky-dataset,69,pretrain_paths
1013,wine-dataset,69,pretrain_paths
1014,dataset-wine,69,pretrain_paths
1015,socialnetworkad,70,pretrain_paths
1016,from-askreddit-reasons-for-not-wanting-children,70,pretrain_paths
1017,linkedin-freelancer-survey-results,70,pretrain_paths
1018,50-startupsdataset,70,pretrain_paths
1019,youtuberevenue,70,pretrain_paths
1020,socialnetworkads,70,pretrain_paths
1021,schoolworkforceinengland,70,pretrain_paths
1022,social-netwok-ads,70,pretrain_paths
1023,bostonhoustingmlnd,70,pretrain_paths
1024,how-much-it-cost-to-get-an-ad-on-google,70,pretrain_paths
1025,dailyhoursspentwithdigitalmediaperadult,70,pretrain_paths
1026,gapminder-internet,70,pretrain_paths
1027,mostvisitedamusementthemeparksworldwide20002019,70,pretrain_paths
1028,instagram-fake-and-real-accounts-dataset,70,pretrain_paths
1029,trending-tv-shows-on-netflix,70,pretrain_paths
1030,covid19-canada-tweet-summary,70,pretrain_paths
1031,100-mostfollowed-twitter-accounts-as-of-dec2019,70,pretrain_paths
1032,mostinstagramfollowers,70,pretrain_paths
1033,do-tweets-from-conferences-get-more-traffic,70,pretrain_paths
1034,favouritemusic,70,pretrain_paths
1035,tvradionewspaperadvertising,70,pretrain_paths
1036,life-expectancy-and-hours-worked-by-country,71,pretrain_paths
1037,employee-satisfaction-index,71,pretrain_paths
1038,average-salaries-by-education-in-saudi-arabia,71,pretrain_paths
1039,minimum-wages-between-2001-2018,71,pretrain_paths
1040,labor-force-and-earnings-by-educational-attainment,71,pretrain_paths
1041,unemployment-rate-by-education-in-saudi-arabia,71,pretrain_paths
1042,minimum-wage-by-country,71,pretrain_paths
1043,world-of-warcraft-demographics,72,pretrain_paths
1044,best-selling-video-games-in-the-world,72,pretrain_paths
1045,pokemon-dataset-with-stats,72,pretrain_paths
1046,civilization-5-game-ai-leader-behaviours,72,pretrain_paths
1047,all-black-match-data20032018,72,pretrain_paths
1048,pubg-weapon-stats,72,pretrain_paths
1049,the-chasegame-show-israel-episode-data,72,pretrain_paths
1050,kpop-4th-gen-sales,72,pretrain_paths
1051,uber-rider-predictor,72,pretrain_paths
1052,mobile-legends-bang-bang-mlbb-heros-dataset,72,pretrain_paths
1053,leauge-of-legends-champions-dataset,72,pretrain_paths
1054,ds-popularity,72,pretrain_paths
1055,mobile-legends-bang-bang,72,pretrain_paths
1056,playerunknowns-battlegrounds-gun-information,72,pretrain_paths
1057,game-of-thronesgot,72,pretrain_paths
1058,golf-play-dataset,72,pretrain_paths
1059,world-taekwondo-championships,73,pretrain_paths
1060,indian-chess-grandmasters,73,pretrain_paths
1061,padel-tennis-world-championship,73,pretrain_paths
1062,top-100-chess-players-around-the-world,73,pretrain_paths
1063,chinese-grandmaster,73,pretrain_paths
1064,karate-world-championships,73,pretrain_paths
1065,palestine-body-count,74,pretrain_paths
1066,uae-datas,74,pretrain_paths
1067,prison-statistics,74,pretrain_paths
1068,professor-salaries,74,pretrain_paths
1069,frogs-data,74,pretrain_paths
1070,penguins-dataset,74,pretrain_paths
1071,temperatures-of-india,74,pretrain_paths
1072,hepatitis-data,74,pretrain_paths
1073,factorys-salary,74,pretrain_paths
1074,category-4,74,pretrain_paths
1075,gradient-decent,74,pretrain_paths
1076,twins-data,74,pretrain_paths
1077,table-7-3csv,74,pretrain_paths
1078,irish-data,74,pretrain_paths
1079,salaries,74,pretrain_paths
1080,tec-survey,74,pretrain_paths
1081,crimes-reportedpakistan,74,pretrain_paths
1082,teamss,74,pretrain_paths
1083,price-list,74,pretrain_paths
1084,kidney-stone-data,74,pretrain_paths
1085,uae-cases,74,pretrain_paths
1086,highestsalary,74,pretrain_paths
1087,cape-fur-seal-data,74,pretrain_paths
1088,addition,74,pretrain_paths
1089,pipe-results,74,pretrain_paths
1090,dhaka-temperature,74,pretrain_paths
1091,parks-data,74,pretrain_paths
1092,train-cleaned,74,pretrain_paths
1093,summary-report,74,pretrain_paths
1094,prem-data,74,pretrain_paths
1095,30-company-details,74,pretrain_paths
1096,arrests-by-race,74,pretrain_paths
1097,regres-tests,74,pretrain_paths
1098,suv-data,74,pretrain_paths
1099,gordons-archery-scores,74,pretrain_paths
1100,survey,74,pretrain_paths
1101,category-5,74,pretrain_paths
1102,cereal-data,74,pretrain_paths
1103,drinks-by-country,74,pretrain_paths
1104,indicators-table,74,pretrain_paths
1105,sankey-data,74,pretrain_paths
1106,icct20-worldcup2021,75,pretrain_paths
1107,uk-lotto-draw-history-20162020,75,pretrain_paths
1108,world-t20-cricket-ranking,75,pretrain_paths
1109,cricket-highest-score-in-icc-2019-worldcup,75,pretrain_paths
1110,access-to-computers-from-home-oecd,76,pretrain_paths
1111,swiggy-bangalore-delivery-outlet-data,76,pretrain_paths
1112,laptop-price-predictor,76,pretrain_paths
1113,iphone-12-predictive-dataset,76,pretrain_paths
1114,startups-dataset,76,pretrain_paths
1115,laptop-brands-dataset,76,pretrain_paths
1116,dataset-for-smart-home,76,pretrain_paths
1117,hotel-prices-beginner-dataset,76,pretrain_paths
1118,google-cummunity-mobility-cv-19,76,pretrain_paths
1119,airtel-youtube-video-dataset,76,pretrain_paths
1120,technical-customer-support-data,76,pretrain_paths
1121,50-online-services-dataset,76,pretrain_paths
1122,online-home-sensors,76,pretrain_paths
1123,device-internet-availability,76,pretrain_paths
1124,food-app-data,76,pretrain_paths
1125,online-retail-data-set-from-ml-repository,76,pretrain_paths
1126,car-dekho-data-for-sell,76,pretrain_paths
1127,pakistans-courier-companies-dataset,76,pretrain_paths
1128,dataset-of-laptop-users,76,pretrain_paths
1129,auto-mobile-pricing,76,pretrain_paths
1130,cars-dataset-with-battery-pack-capacity,76,pretrain_paths
1131,airlines-network-optimization,76,pretrain_paths
1132,amazon-customer-segmentation,76,pretrain_paths
1133,ada-cardano-price-trend-from-wazirx-exchange,76,pretrain_paths
1134,porto-seguros-safe-driver-noisy-features,76,pretrain_paths
1135,monthly-mobile-vendor-market-share-202009-202109in,76,pretrain_paths
1136,asus-laptops-sale-on-filpkartwalmart-subsidary,76,pretrain_paths
1137,starbucks-coffee-making,77,pretrain_paths
1138,12-days-of-christmas,77,pretrain_paths
1139,chicago-weather-dreaming-of-a-white-christmas,77,pretrain_paths
1140,hong-kong-rain-fall,77,pretrain_paths
1141,baking-ice-cream-cones,77,pretrain_paths
1142,lemonade-stand,77,pretrain_paths
1143,umbrellas-animalcrossing,77,pretrain_paths
1144,august-steps,77,pretrain_paths
1145,tennis-weather,77,pretrain_paths
1146,groundhog-day,77,pretrain_paths
1147,2018-head-shop-kratom-sales-violentcrime-data,78,pretrain_paths
1148,paralmpic-2020,78,pretrain_paths
1149,gpi2008-2016,78,pretrain_paths
1150,2020-conferences-cancelled-due-to-coronavirus,78,pretrain_paths
1151,eia923-pr-2018,78,pretrain_paths
1152,electric-cars-2021,78,pretrain_paths
1153,asus-laptops-2020-jun,78,pretrain_paths
1154,superbowl-history-1967-2020,78,pretrain_paths
1155,result-summary-of-gate-2021,78,pretrain_paths
1156,mortaliy-moscow-20102020,78,pretrain_paths
1157,ghanas-corona-virus-dataset,79,pretrain_paths
1158,coronavirus-covid19-bangladesh-dataset,79,pretrain_paths
1159,covid19-corona-virus-india-dataset,79,pretrain_paths
1160,covid19-coronavirus-patient-list-karnataka-india,79,pretrain_paths
1161,factors-affecting-campus-placement,80,test_paths
1162,child-marriage-data-for-all-countres,80,test_paths
1163,social-media-engagement-rate,80,test_paths
1164,fitness-data-trends,80,test_paths
1165,fertilizer-type-and-their-crop-yield,80,test_paths
1166,alcohol-life-expectancy,80,test_paths
1167,life-expectancy-at-birth,80,test_paths
1168,income-and-happiness-correction,80,test_paths
1169,blood-type-distribution-by-country,80,test_paths
1170,country-socioeconomic-and-health-factors,80,test_paths
1171,kids-first-state-health-data,80,test_paths
1172,fertility-data-set,80,test_paths
1173,state-trends-in-childhood-well-being,80,test_paths
1174,female-employment-vs-socioeconimic-factors,80,test_paths
1175,wicklow-senior-hurlers-results-20202021,81,pretrain_paths
1176,premier-league-club-stats-all-seasons,81,pretrain_paths
1177,premier-league-standings-11-seasons-20102021,81,pretrain_paths
1178,premier-league-football-finance,81,pretrain_paths
1179,football-club-market-value-2021,81,pretrain_paths
1180,the-most-expensive-football-transfers,81,pretrain_paths
1181,top-100-biggest-restaurant-chains-2021,82,val_paths
1182,starbucks-stores-and-new-york-county-demographics,82,val_paths
1183,customer-feedback-on-delivering-fresh-vegetables,82,val_paths
1184,food-items-with-nutritional-info,82,val_paths
1185,oreo-flavors-tastetest-ratings,82,val_paths
1186,starbucks-customer-survey,82,val_paths
1187,cereals-rating,82,val_paths
1188,subway-restaurant-nutrition-data,82,val_paths
1189,recipes-muffins-cupcakes-in-svm,82,val_paths
1190,food-banks-in-california,82,val_paths
1191,starbucks-menu-nutrition-drinks,82,val_paths
1192,marketing-campaign-fast-food,82,val_paths
1193,the-worlds-50-best-restaurants,82,val_paths
1194,bakery-sales-for-fooddrinks,82,val_paths
1195,korean-instant-noodle-price-history,82,val_paths
1196,titanic-ship,83,pretrain_paths
1197,titanic-minimal,83,pretrain_paths
1198,titanic,83,pretrain_paths
1199,airquality,84,pretrain_paths
1200,food-preferences,84,pretrain_paths
1201,lung-capacity,84,pretrain_paths
1202,pollution,84,pretrain_paths
1203,travel-study,84,pretrain_paths
1204,stress,84,pretrain_paths
1205,logistics,84,pretrain_paths
1206,adversiting,84,pretrain_paths
1207,housingvotes,84,pretrain_paths
1208,advertisinganalysis,84,pretrain_paths
1209,beer-efficiency,84,pretrain_paths
1210,lessfeatures,84,pretrain_paths
1211,social,84,pretrain_paths
1212,psychology,84,pretrain_paths
1213,advertising,84,pretrain_paths
1214,depression-in-married-couples,84,pretrain_paths
1215,foodproductemissions,84,pretrain_paths
1216,headbrain-linear-regression,85,pretrain_paths
1217,logistic-regression-practice,85,pretrain_paths
1218,housing-simple-regression,85,pretrain_paths
1219,ebola-analysis,85,pretrain_paths
1220,personality-scale-analysis,85,pretrain_paths
1221,iris-dataset-logistic-regression,85,pretrain_paths
1222,blackjack-decision-matrix,85,pretrain_paths
1223,startup-logistic-regression,85,pretrain_paths
1224,logistic-regression,85,pretrain_paths
1225,dataset-for-multiple-linear-regression,85,pretrain_paths
1226,petrol-consumption-multivariable-linear-regression,85,pretrain_paths
1227,clustering-hierarchial-clustering,85,pretrain_paths
1228,fish-regression-dataset,85,pretrain_paths
1229,logistic-regression-data,85,pretrain_paths
1230,profit-prediction-using-linear-regression,85,pretrain_paths
1231,principal-component-analysis,85,pretrain_paths
1232,102-multiple-linear-regression,85,pretrain_paths
1233,indias-population-simple-linear-regression,85,pretrain_paths
1234,marketing-linear-multiple-regression,85,pretrain_paths
1235,simple-linear-regression-placement-data,85,pretrain_paths
1236,logistic-regression-user-data,85,pretrain_paths
1237,historical-components-of-the-dow-jones-djia,86,pretrain_paths
1238,singapore-train-station-coordinates,86,pretrain_paths
1239,israel-official-covid-data,86,pretrain_paths
1240,dengue-temperatura-e-chuvas-em-campinassp,86,pretrain_paths
1241,express-entry-data-for-canada,86,pretrain_paths
1242,close-contact-status-of-corona-in-japan,86,pretrain_paths
1243,william-farrs-data-on-cholera-in-london,86,pretrain_paths
1244,dataset-desa-jawabarat,86,pretrain_paths
1245,laliga-1415-1920,86,pretrain_paths
1246,banco-perguntas-quiz,86,pretrain_paths
1247,the-sinking-of-mv-sewol-south-korea,86,pretrain_paths
1248,covid19-in-angola,86,pretrain_paths
1249,shiba-inu-data,86,pretrain_paths
1250,data-jabar,86,pretrain_paths
1251,data-diagnosa-pasien,86,pretrain_paths
1252,telecom-churn-prediction,86,pretrain_paths
1253,list-of-aircraft-carriers-in-service,86,pretrain_paths
1254,nacimientos-en-mxico,86,pretrain_paths
1255,number-of-cases-in-the-city-covid19-turkey,86,pretrain_paths
1256,hofstede-country-comparison,86,pretrain_paths
1257,dataset-harga-ikan-gresik,86,pretrain_paths
1258,car-dekho-data,86,pretrain_paths
1259,pengantar-sains-data,86,pretrain_paths
1260,shinkansen-stations-in-japan,86,pretrain_paths
1261,global-politcs-and-governance-data-apr-2020,87,pretrain_paths
1262,2018-calorie-exercise-and-weight-changes,87,pretrain_paths
1263,data-scientist-general-skills-2018-revised,87,pretrain_paths
1264,education-indicators-2014-worldwide,87,pretrain_paths
1265,coursera-ai-global-skills-index-2019-data,87,pretrain_paths
1266,pakistan-crimes-by-type,88,val_paths
1267,country-and-continent,88,val_paths
1268,ottoman-sultans,88,val_paths
1269,san-francisco-zip-codes,88,val_paths
1270,administrative-regions-in-the-philippines,88,val_paths
1271,us-supreme-justices,88,val_paths
1272,top-cities-brazil,88,val_paths
1273,list-of-tallest-buildings-and-structures,88,val_paths
1274,indian-cities-database,88,val_paths
1275,us-states,88,val_paths
1276,pakistan-cities,88,val_paths
1277,salaries-of-us-presidents-and-vice-presidents,88,val_paths
1278,indian-city-latitude-longitude,88,val_paths
1279,country-continent,88,val_paths
1280,pyramid-scheme-profit-or-loss,89,pretrain_paths
1281,ps5-purchase-prediction-from-industry-standpoint,89,pretrain_paths
1282,dataset-to-estimate-used-car-price,89,pretrain_paths
1283,ipl-auction-dataset,89,pretrain_paths
1284,outlier-free-advertising-data-set,89,pretrain_paths
1285,social-network-adds-prediction,89,pretrain_paths
1286,startups-profit-prediction-mlr,89,pretrain_paths
1287,predict-if-people-prefer-wfh-verses-wfo-data,89,pretrain_paths
1288,divorce-predictors-data-set-csv,89,pretrain_paths
1289,path-to-purchase-example,89,pretrain_paths
1290,discount-window-borrowingsdepository-institutions,89,pretrain_paths
1291,deep-learning-power-score-data,89,pretrain_paths
1292,software-cost-estimation-from-promise,89,pretrain_paths
1293,drugs-a-b-c-x-y-for-decision-trees,89,pretrain_paths
1294,transaction-volume-by-means-of-payment-in-m-tnd,89,pretrain_paths
1295,dishonest-internet-users-dataset-data-set,89,pretrain_paths
1296,consumer-behavior-in-facebook-dataset,89,pretrain_paths
1297,dataset-on-company-clients-satisfaction,89,pretrain_paths
1298,shop-data-to-predict-face-wash-buy-or-not,89,pretrain_paths
1299,habermans-survival-data-set,89,pretrain_paths
1300,state-wise-suicides-india-2019,90,pretrain_paths
1301,pollution-india-2010,90,pretrain_paths
1302,tamilnadu-road-accident-1993-2018,90,pretrain_paths
1303,indian-suicide-statistics-2019,90,pretrain_paths
1304,logistics-ease-across-different-states-india-2021,90,pretrain_paths
1305,cyber-crime-rate-india-20162018-recorded,90,pretrain_paths
1306,home-demolitions-in-palestine-20042021,90,pretrain_paths
1307,telugu-movies-released-in-2019,90,pretrain_paths
1308,fuel-prices-delhi-202021,90,pretrain_paths
1309,ev-cars-available-in-india-till-oct2021,90,pretrain_paths
1310,india-nifty50-data-2020-till-april,90,pretrain_paths
1311,simple-shopping-dataset,91,pretrain_paths
1312,s-pivot,91,pretrain_paths
1313,a-dataset-of-art-and-history-book-pruchases,91,pretrain_paths
1314,binary-dataset,91,pretrain_paths
1315,simple-colors-dataset,91,pretrain_paths
1316,small-covid-dataset,91,pretrain_paths
1317,the-chirps-dataset,91,pretrain_paths
1318,knn-classifier,91,pretrain_paths
1319,k-mean-cluster,91,pretrain_paths
1320,covid-toy-dataset,91,pretrain_paths
1321,xbar-r-control-chart-constants,91,pretrain_paths
1322,shopping-datasets,91,pretrain_paths
1323,k-means-clustering,91,pretrain_paths
1324,3d-printer-material-dataset,91,pretrain_paths
1325,k-meansclustering,91,pretrain_paths
1326,social-media-impact-on-mentality,92,test_paths
1327,social-network-advertisements,92,test_paths
1328,entrepreneurial-competency,92,test_paths
1329,mobile-ads,92,test_paths
1330,logistic-socialnetworkads,92,test_paths
1331,-social-networking-ads,92,test_paths
1332,democracy-dictatorship-index,92,test_paths
1333,biblical-books-with-information,92,test_paths
1334,knowledge-of-current-events-among-young-adults,92,test_paths
1335,social-networking-ads,92,test_paths
1336,beliefs-about-masks-among-young-adults,92,test_paths
1337,dataset-support-women-entrepreneurship,92,test_paths
1338,elearning-student-reactions,92,test_paths
1339,alcohol-comsumption-around-the-world,92,test_paths
1340,indian-consumers-cars-purchasing-behaviour,92,test_paths
1341,the-gender-gap-in-science,92,test_paths
1342,social-network-data,92,test_paths
1343,social-network-,92,test_paths
1344,legality-of-child-pornography,92,test_paths
1345,linkedin-female-cyber-security,92,test_paths
1346,social-network-ads,92,test_paths
1347,sleephours,93,pretrain_paths
1348,cleveland,93,pretrain_paths
1349,playglof,93,pretrain_paths
1350,tipping,93,pretrain_paths
1351,drugsets,93,pretrain_paths
1352,jamesbond,93,pretrain_paths
1353,heartdisease,93,pretrain_paths
1354,matchmaking,93,pretrain_paths
1355,customer,93,pretrain_paths
1356,bobbinpaper-reject,93,pretrain_paths
1357,bachelorsdegreewomenusa,93,pretrain_paths
1358,50ulke,93,pretrain_paths
1359,pokemon,93,pretrain_paths
1360,crime,93,pretrain_paths
1361,shopping,93,pretrain_paths
1362,heartdd,93,pretrain_paths
1363,haberman,93,pretrain_paths
1364,happiness,93,pretrain_paths
1365,superalloys,93,pretrain_paths
1366,checking,93,pretrain_paths
1367,customers,93,pretrain_paths
1368,richestrappers,93,pretrain_paths
1369,covidcount,93,pretrain_paths
1370,heartattack,93,pretrain_paths
1371,owners,93,pretrain_paths
1372,buddy-movedataset,93,pretrain_paths
1373,citylong,93,pretrain_paths
1374,classifyrisk,93,pretrain_paths
1375,maggisurvey,93,pretrain_paths
1376,clouds,93,pretrain_paths
1377,headbrain,93,pretrain_paths
1378,hepatitis,93,pretrain_paths
1379,drinks,93,pretrain_paths
1380,echogroth,93,pretrain_paths
1381,unsupervisedlearning,93,pretrain_paths
1382,drinkshabit,93,pretrain_paths
1383,playcricket,93,pretrain_paths
1384,pokemongo,93,pretrain_paths
1385,penguins,93,pretrain_paths
1386,drinksbycountry,93,pretrain_paths
1387,gapminder,93,pretrain_paths
1388,glass,93,pretrain_paths
1389,playtennis,93,pretrain_paths
1390,regressionhousing,93,pretrain_paths
1391,james-bond-series,94,pretrain_paths
1392,zombies-apocalypse,94,pretrain_paths
1393,star-trek-season-1,94,pretrain_paths
1394,mall-customer,95,pretrain_paths
1395,survey-shop-car,95,pretrain_paths
1396,laptops-info,95,pretrain_paths
1397,supermarket-sales,95,pretrain_paths
1398,used-cars-in-ksa,95,pretrain_paths
1399,suv-purchase-decision,95,pretrain_paths
1400,shopping-customer,95,pretrain_paths
1401,car-advertisement,95,pretrain_paths
1402,yes-bank-stock-prices,95,pretrain_paths
1403,laptop-info,95,pretrain_paths
1404,mall-customers,95,pretrain_paths
1405,buy-computer,95,pretrain_paths
1406,tour-travels-customer-churn-prediction,95,pretrain_paths
1407,yes-bank-stock,95,pretrain_paths
1408,married-at-first-sight,95,pretrain_paths
1409,job-prestige,95,pretrain_paths
1410,house-price,95,pretrain_paths
1411,top-20-largest-california-wildfires,96,pretrain_paths
1412,nyc-building-energy-usage,97,val_paths
1413,environment-impact-of-food-production,97,val_paths
1414,gender-discrimination,97,val_paths
1415,ds4g-puerto-rico-electricity-consumption-by-month,97,val_paths
1416,central-bank-liquidity-swaps-federal-reserve,97,val_paths
1417,london-public-transport-data-by-type-of-transport,97,val_paths
1418,electricity-consumption,97,val_paths
1419,alcohol-consumption-by-country,97,val_paths
1420,internet-access-oecd,97,val_paths
1421,brooklyn-food-waste,97,val_paths
1422,health-insurance-coverage-in-the-united-states,97,val_paths
1423,list-of-countries-by-rail-usage,97,val_paths
1424,health-insurance,97,val_paths
1425,alcohol-consumption,97,val_paths
1426,carbon-emission-india,97,val_paths
1427,women-representation-in-city-property-sanfrancisco,97,val_paths
1428,petrol-consumption,97,val_paths
1429,installed-power-generation-indian-states,97,val_paths
1430,powerball-draws-in-order,98,val_paths
1431,bojack-horseman-season-1-to-5,98,val_paths
1432,cowboy-draw-winning-numbers-wyoming-lottery,98,val_paths
1433,percentage-of-bachelors-degrees-done-by-women-usa,99,pretrain_paths
1434,percentage-of-women-completing-their-degrees-in-us,99,pretrain_paths
